emp_no,first_name,last_name,title,dept_no,dept_name
10095,Hilari,Morton,Senior Staff,d007,Sales
10122,Ohad,Esposito,Technique Leader,d005,Development
10291,Dipayan,Seghrouchni,Staff,d007,Sales
10476,Kokou,Iisaka,Senior Staff,d008,Research
10663,Teunis,Noriega,Technique Leader,d004,Production
10762,Lech,Himler,Senior Staff,d008,Research
10933,Juyoung,Seghrouchni,Senior Engineer,d004,Production
12155,Keiichiro,Glinert,Engineer,d004,Production
12408,Rasiah,Sudkamp,Senior Engineer,d005,Development
12643,Morrie,Schurmann,Staff,d002,Finance
13499,Kazuhiko,Sidou,Technique Leader,d004,Production
14075,Denny,Tchuente,Engineer,d005,Development
14104,Sudhanshu,Demian,Staff,d003,Human Resources
14127,Magdalena,Cannard,Engineer,d004,Production
14158,Caolyn,Setiz,Senior Staff,d007,Sales
14476,Sastry,Marrevee,Engineer,d004,Production
14907,Nakhoon,Luga,Staff,d007,Sales
15050,Nikolaos,Kruskal,Engineer,d004,Production
15058,Bouchung,Bugrara,Senior Staff,d002,Finance
15413,Arvin,Rabejac,Engineer,d005,Development
16461,Remmert,Schahn,Senior Staff,d007,Sales
16528,Gaurav,Swick,Assistant Engineer,d004,Production
17013,Morris,Garigliano,Senior Staff,d002,Finance
17206,Berry,DeMori,Senior Engineer,d004,Production
17369,Yaghout,Kenevan,Engineer,d004,Production
17447,Zengping,Boreale,Staff,d007,Sales
17731,Gennady,Roison,Assistant Engineer,d005,Development
17970,Filipp,Carrere,Technique Leader,d004,Production
17988,Mabhin,Calkin,Engineer,d004,Production
18021,Adil,Matzke,Engineer,d005,Development
18424,Filipp,Rousseau,Engineer,d005,Development
18583,Stafford,Honglei,Staff,d009,Customer Service
18617,Surveyors,Crouzet,Staff,d003,Human Resources
18810,Taiji,Jarecki,Engineer,d005,Development
19236,Elzbieta,Morris,Engineer,d004,Production
19350,Satoru,Yoshizawa,Senior Staff,d009,Customer Service
19803,Ziva,Kowalchuk,Engineer,d005,Development
20100,Utz,Heuter,Staff,d001,Marketing
20128,Kazunori,Peak,Senior Staff,d009,Customer Service
20129,Rafael,Skafidas,Engineer,d004,Production
20248,Vidar,Demri,Staff,d009,Customer Service
20313,Candida,Benveniste,Engineer,d004,Production
20500,Christoph,Trystram,Staff,d009,Customer Service
20885,Otmar,Rothenberg,Senior Engineer,d004,Production
21181,Jianhui,Cangellaris,Engineer,d004,Production
21188,Piyush,Danecki,Engineer,d005,Development
21546,Yongmin,Lanteri,Senior Staff,d001,Marketing
21843,Karsten,Azadmanesh,Senior Engineer,d005,Development
21909,Mohammed,Brizzi,Staff,d007,Sales
22185,Huai,Birch,Engineer,d004,Production
22415,Perla,Jumpertz,Senior Staff,d007,Sales
22451,Jasminko,Bresenham,Senior Staff,d005,Development
22455,Barry,Unno,Staff,d001,Marketing
22926,Manibrata,Genther,Engineer,d004,Production
23396,Hilari,Fairtlough,Technique Leader,d004,Production
24080,Jaana,Perez,Technique Leader,d005,Development
24205,Roddy,Rubsam,Senior Engineer,d005,Development
24377,Lubomir,Wroclawski,Senior Engineer,d006,Quality Management
24394,Zhonghui,Conta,Staff,d007,Sales
24553,Anwar,Passafiume,Senior Staff,d007,Sales
24571,Cordelia,Gischer,Engineer,d004,Production
25488,Ingmar,Basawa,Senior Staff,d008,Research
26629,Nevin,Rodham,Senior Staff,d008,Research
26671,Jiakeng,Kalorkoti,Engineer,d005,Development
26788,Zongyan,Dalphin,Senior Engineer,d005,Development
27331,Wanqing,Krohm,Staff,d009,Customer Service
27378,Piyawadee,Leppanen,Senior Staff,d002,Finance
27620,Shuji,Kandlur,Senior Engineer,d004,Production
27686,Manu,Rosiles,Senior Staff,d007,Sales
27699,Falguni,Pezzoli,Engineer,d004,Production
27767,Tooru,Veldwijk,Staff,d009,Customer Service
28193,Xinglin,Mitsuhashi,Senior Engineer,d005,Development
28974,Chenxi,Sundgren,Senior Engineer,d005,Development
28988,Tua,Giveon,Technique Leader,d004,Production
29130,Xumin,Thorensen,Staff,d001,Marketing
29265,Gilbert,Calkin,Senior Staff,d009,Customer Service
29380,Satoru,Vidal,Assistant Engineer,d004,Production
29418,Valery,Mersereau,Assistant Engineer,d004,Production
29679,Kolar,Steenbeek,Senior Engineer,d005,Development
29782,Jouko,Hellwagner,Senior Engineer,d004,Production
29954,Pranay,Giarratana,Senior Engineer,d004,Production
30007,Kousuke,Vecchio,Engineer,d004,Production
30035,Tetsushi,Conta,Senior Staff,d008,Research
30154,Mayuko,Skafidas,Technique Leader,d005,Development
30182,Leon,Potthoff,Engineer,d005,Development
30465,Randi,Avouris,Senior Engineer,d005,Development
30484,Sailaja,Chvatal,Staff,d007,Sales
30695,Gudjon,Majewski,Senior Engineer,d005,Development
30938,Yakkov,Samarati,Senior Staff,d001,Marketing
31147,Divine,Sidhu,Senior Staff,d002,Finance
31188,Leandro,Gist,Technique Leader,d004,Production
31207,Abdelwaheb,Dulin,Senior Engineer,d004,Production
31341,Oksana,Zultner,Senior Staff,d002,Finance
31514,Harngdar,Schapire,Engineer,d005,Development
31568,Mark,Lalonde,Staff,d001,Marketing
31909,Murthy,Peek,Engineer,d004,Production
32347,Terresa,Peres,Staff,d001,Marketing
32552,Atreye,Stanger,Assistant Engineer,d005,Development
32649,Ingmar,Nannarelli,Senior Staff,d008,Research
32714,Radoslaw,Maliniak,Staff,d001,Marketing
32844,Tadahiko,Melton,Engineer,d005,Development
33025,Jessie,Thorelli,Senior Staff,d009,Customer Service
33215,Steen,Fasbender,Technique Leader,d004,Production
33722,Anwar,Collette,Senior Engineer,d005,Development
34077,Angel,Sichman,Senior Staff,d007,Sales
34261,Kyoichi,Callaway,Staff,d003,Human Resources
34446,Chinhyun,Bauknecht,Senior Engineer,d005,Development
34452,Naftaly,Foong,Engineer,d004,Production
34505,Felicidad,Kumaresan,Senior Staff,d007,Sales
34533,Erzsebet,Shigei,Senior Engineer,d004,Production
34780,Moni,Kohling,Staff,d001,Marketing
34788,Ennio,Babu,Senior Engineer,d004,Production
34936,Bokyung,Stamatiou,Technique Leader,d004,Production
35044,Jiang,Waschkowski,Engineer,d004,Production
35087,Leif,Ashish,Staff,d009,Customer Service
35441,Chandrasekaran,Peek,Engineer,d005,Development
35642,Ashish,Talmon,Engineer,d004,Production
35793,Oscar,Kusalik,Staff,d009,Customer Service
35798,Ulf,Oberman,Senior Engineer,d005,Development
36521,Serif,Gladwell,Senior Staff,d002,Finance
36626,Fen,Genin,Senior Staff,d007,Sales
36733,Uma,Reinhard,Staff,d009,Customer Service
36844,Hailing,Levergood,Staff,d009,Customer Service
36982,Kotesh,Rajala,Engineer,d006,Quality Management
37070,Jeong,Undy,Staff,d009,Customer Service
37945,Suzette,Butterworth,Senior Engineer,d005,Development
38043,Michaela,Randi,Senior Engineer,d005,Development
38103,Masasuke,Babu,Engineer,d004,Production
38168,Fumiko,Deverell,Staff,d007,Sales
38550,JoAnne,Baez,Senior Engineer,d006,Quality Management
38593,Huei,Orsini,Engineer,d004,Production
38947,Shuichi,Ruemmler,Senior Staff,d001,Marketing
39000,Martijn,Vendrig,Staff,d008,Research
39036,Changho,Cappelli,Staff,d003,Human Resources
39301,Rimon,Kawashima,Senior Staff,d008,Research
39341,Mahmut,Lampe,Senior Engineer,d004,Production
39952,Otmar,Sudbeck,Staff,d007,Sales
40269,Toshiki,Ghazalie,Senior Staff,d007,Sales
40283,Sudhanshu,Boissier,Engineer,d005,Development
40301,Spyrose,Felder,Senior Engineer,d004,Production
40536,Harngdar,Bernardinello,Engineer,d005,Development
40765,Michaela,Ramsak,Senior Staff,d008,Research
40773,Shimshon,Aingworth,Staff,d009,Customer Service
40983,Marla,Cherinka,Technique Leader,d005,Development
41114,Petter,Thummel,Technique Leader,d004,Production
41137,Bikash,Buchter,Staff,d007,Sales
41357,Willard,Vernadat,Engineer,d005,Development
41518,Keung,Schapiro,Senior Engineer,d004,Production
41520,Xiong,Uhrik,Senior Engineer,d005,Development
41609,Yucai,Simmen,Senior Staff,d007,Sales
42778,Shuji,Remmers,Senior Staff,d003,Human Resources
42911,Brigham,Eterovic,Senior Engineer,d004,Production
42950,Shaleah,Eickenmeyer,Senior Staff,d008,Research
42955,Yucel,Lortz,Engineer,d006,Quality Management
43154,Maha,Waterhouse,Staff,d002,Finance
43733,Huei,Boguraev,Staff,d003,Human Resources
43848,Phillip,Oxenboll,Engineer,d004,Production
44054,Alenka,Ritcey,Engineer,d005,Development
44265,Maria,Eppinger,Engineer,d005,Development
44540,Mingzeng,Sadowski,Senior Engineer,d005,Development
44900,Mark,Schwaller,Staff,d001,Marketing
44959,Volkmar,Uhrik,Engineer,d004,Production
44962,Sariel,Wynblatt,Assistant Engineer,d005,Development
45162,Dulce,Speel,Engineer,d005,Development
46000,Zhaofang,Penn,Senior Staff,d009,Customer Service
46328,Wuxu,Trogemann,Senior Staff,d007,Sales
46811,Junsik,Berendt,Senior Engineer,d004,Production
46834,Tooru,Daescu,Senior Staff,d007,Sales
46943,Pasqua,Maraist,Engineer,d005,Development
47016,Toong,Litecky,Senior Staff,d009,Customer Service
47139,Marco,Usdin,Engineer,d005,Development
47262,Gonzalo,Binkley,Senior Engineer,d005,Development
47515,Naraig,Jenevein,Senior Engineer,d005,Development
47702,Juyoung,Vieri,Senior Staff,d007,Sales
47708,Edwin,Haldar,Senior Staff,d001,Marketing
48275,Sariel,Massonet,Staff,d007,Sales
48690,Hitomi,Schaap,Staff,d003,Human Resources
48882,Leen,Lamparter,Engineer,d004,Production
48904,Yuichiro,Malabarba,Senior Staff,d002,Finance
48947,Filipp,Akaboshi,Senior Staff,d007,Sales
49010,Kazuhisa,Benantar,Senior Staff,d001,Marketing
49017,Filipp,Flanders,Engineer,d005,Development
49119,Lena,Peek,Senior Engineer,d004,Production
49177,Tze,Bach,Engineer,d004,Production
49464,Siddarth,Cappelletti,Staff,d007,Sales
49477,Baocai,Leaver,Senior Staff,d003,Human Resources
50293,Xinan,Rindone,Engineer,d004,Production
50311,Mooi,Stafford,Senior Engineer,d006,Quality Management
50453,Aron,Harbusch,Staff,d002,Finance
50670,Boguslaw,Snedden,Staff,d001,Marketing
50831,Marie,Khalid,Senior Engineer,d004,Production
51036,Chriss,Fasbender,Staff,d007,Sales
51057,Theirry,Albarhamtoshy,Senior Staff,d001,Marketing
51060,Youngkon,Rohrbach,Engineer,d005,Development
51142,Rosine,Lakshmanan,Engineer,d005,Development
52038,Chikako,Armand,Senior Engineer,d004,Production
52040,Phule,Heijenga,Senior Staff,d005,Development
52283,Trygve,Krupka,Senior Staff,d008,Research
52386,Adas,Denti,Staff,d007,Sales
52590,Jouni,Munoz,Staff,d005,Development
52599,Augustine,Mungall,Engineer,d004,Production
52639,Arup,Colorni,Senior Staff,d007,Sales
52770,Shugo,Yurek,Senior Staff,d007,Sales
52778,Alain,Penn,Technique Leader,d006,Quality Management
52956,Khalil,Picci,Senior Engineer,d004,Production
52970,Lobel,Werthner,Engineer,d004,Production
53278,Premsyl,Lortz,Senior Staff,d007,Sales
53314,Eberhardt,Carrera,Staff,d008,Research
53431,Sham,Vasanthakumar,Senior Staff,d001,Marketing
53499,Zdislav,Mandelberg,Engineer,d004,Production
53597,Jiafu,Marchegay,Engineer,d005,Development
53874,Bodo,Schade,Staff,d001,Marketing
53924,Arnould,Gaughan,Senior Engineer,d004,Production
54198,Shaowen,Segond,Engineer,d005,Development
54632,Etsuo,Serot,Senior Staff,d002,Finance
54795,Sumant,Nergos,Senior Staff,d004,Production
54800,Breannda,Cangellaris,Staff,d007,Sales
55640,Adit,Syrotiuk,Senior Engineer,d004,Production
55687,Shih,Lindqvist,Senior Engineer,d005,Development
55799,Jianwen,Litzler,Senior Engineer,d004,Production
55857,Adin,Scallan,Senior Staff,d007,Sales
56105,Makato,Remmers,Senior Engineer,d005,Development
56209,Remzi,Douceur,Engineer,d004,Production
56415,Sigeru,Nivat,Senior Staff,d002,Finance
56428,Olivera,Hanabata,Senior Staff,d007,Sales
56682,Roded,Picco,Assistant Engineer,d005,Development
56829,Nagui,Gruenwald,Engineer,d004,Production
56847,Menkae,Chinin,Senior Engineer,d004,Production
57934,Sanjoy,Boudaillier,Engineer,d005,Development
58141,Bezalel,Karner,Staff,d002,Finance
58147,Shigenori,Sullins,Senior Staff,d001,Marketing
58384,Mariusz,Vural,Senior Engineer,d005,Development
58454,Ziya,Zambonelli,Engineer,d004,Production
58497,Yechiam,Cairo,Senior Staff,d001,Marketing
58819,Gennady,Liesche,Senior Staff,d007,Sales
58990,Palash,Trelles,Engineer,d005,Development
59195,Ronnie,Pollock,Technique Leader,d005,Development
59640,Zita,Hiltgen,Staff,d002,Finance
59869,Zsolt,Riefers,Senior Staff,d001,Marketing
59966,Steen,Salvesen,Technique Leader,d004,Production
60000,Heekeun,Emmart,Engineer,d005,Development
60091,Surveyors,Bade,Staff,d009,Customer Service
60238,Erzsebet,Claffy,Staff,d001,Marketing
60559,Jeanna,Stemann,Engineer,d004,Production
60821,Moty,Mersereau,Staff,d003,Human Resources
60845,Bedir,Siegrist,Engineer,d004,Production
60875,Rildo,Masaki,Senior Engineer,d006,Quality Management
60959,Tetsushi,Sridhar,Senior Staff,d001,Marketing
61147,Leszek,Werthner,Staff,d001,Marketing
61253,Cheong,Uhrik,Engineer,d005,Development
61377,Dannz,Ohori,Senior Staff,d004,Production
61541,Kasidit,Papsdorf,Engineer,d005,Development
61873,Woody,Rusmann,Assistant Engineer,d006,Quality Management
62033,Heeju,Cappelli,Engineer,d004,Production
62046,Karlis,Nanard,Engineer,d004,Production
62245,Adel,Bressoud,Engineer,d005,Development
63294,Tetsushi,Tanemo,Senior Engineer,d004,Production
63419,Hiroyasu,Seuren,Senior Engineer,d004,Production
63441,Hinrich,Scallan,Staff,d003,Human Resources
63566,Heekeun,Slaats,Senior Staff,d007,Sales
63631,Falguni,Cherinka,Senior Engineer,d004,Production
63706,Sedat,Itzigehl,Engineer,d005,Development
64023,Laurentiu,Benzmuller,Senior Engineer,d005,Development
64209,Golgen,Schoegge,Senior Staff,d009,Customer Service
64487,Tsutomu,Rebaine,Engineer,d006,Quality Management
64532,Atilio,Segond,Senior Engineer,d004,Production
64632,Zsolt,Brender,Senior Staff,d007,Sales
64790,Shin,Piveteau,Engineer,d005,Development
64828,Krister,Pappas,Staff,d007,Sales
64984,Eldridge,Eldridge,Engineer,d004,Production
65171,Jeane,Tasistro,Technique Leader,d004,Production
65539,Aksel,Picaronny,Senior Engineer,d005,Development
65883,Patricia,Pepe,Senior Staff,d007,Sales
65998,Mandell,Alameldin,Staff,d007,Sales
66382,Domenico,Candan,Engineer,d004,Production
66530,Dung,Leaver,Staff,d008,Research
66643,Jianhao,Tomescu,Engineer,d004,Production
66702,Deniz,Thibadeau,Engineer,d005,Development
66757,Yonghong,Baig,Staff,d001,Marketing
66807,Aiman,Rosaz,Senior Engineer,d005,Development
67320,Sadok,Lorys,Senior Staff,d001,Marketing
67548,Fumitaka,Roohalamini,Staff,d003,Human Resources
67934,Aiman,Gargeya,Engineer,d004,Production
68416,Munenori,Debuse,Senior Engineer,d004,Production
68608,Yucai,Seghrouchni,Engineer,d004,Production
68633,Chinhyun,Rassart,Senior Engineer,d004,Production
68648,Jaques,DiGiano,Technique Leader,d005,Development
69052,Shietung,Shrader,Senior Staff,d007,Sales
69219,Shuky,Redmiles,Senior Staff,d001,Marketing
69867,Miyeon,Rothe,Staff,d007,Sales
69878,Chinya,Cooke,Engineer,d005,Development
69936,Lalit,Unni,Assistant Engineer,d004,Production
70469,Tru,Miyakawa,Senior Staff,d001,Marketing
70990,Arumugam,Nitta,Senior Engineer,d004,Production
71066,Domenick,Basart,Staff,d007,Sales
71141,Sajjad,Vitiello,Staff,d003,Human Resources
71188,Pranjal,Schapiro,Staff,d007,Sales
71243,Kinh,Buchter,Engineer,d004,Production
71334,Cathie,Peck,Senior Engineer,d005,Development
71685,Kristinn,Olano,Senior Engineer,d004,Production
71710,Hitomi,Takanami,Assistant Engineer,d005,Development
71745,Adil,Laventhal,Assistant Engineer,d005,Development
72190,Sajjad,Waeselynck,Engineer,d005,Development
72194,Feiyu,Siepmann,Senior Engineer,d004,Production
72232,Naraig,Veldwijk,Senior Engineer,d006,Quality Management
72640,Honglan,Hutton,Engineer,d006,Quality Management
72918,Takahira,Szilard,Senior Staff,d007,Sales
73076,Froduald,Feldhoffer,Senior Engineer,d005,Development
73233,Shigeo,Merey,Senior Engineer,d004,Production
73516,Qingxiang,Badache,Senior Engineer,d004,Production
73743,Anneke,Bernardeschi,Engineer,d004,Production
74200,Holgard,Weiland,Senior Engineer,d004,Production
74344,Hiroyasu,Provine,Engineer,d005,Development
74668,Masako,Bonifati,Senior Staff,d007,Sales
74800,Yuuichi,Conde,Assistant Engineer,d004,Production
75354,Shuky,Jakobus,Senior Engineer,d005,Development
75703,Kyoichi,Erman,Engineer,d005,Development
76189,Kolar,Hinsberger,Senior Engineer,d004,Production
76201,Arif,Preusig,Senior Engineer,d005,Development
76640,Tristan,Mitsuhashi,Engineer,d006,Quality Management
77030,Faiza,Garnham,Technique Leader,d005,Development
77303,Xinglin,Birge,Senior Staff,d009,Customer Service
77647,Niranjan,Schaaf,Technique Leader,d004,Production
77815,Ronghao,Picaronny,Assistant Engineer,d005,Development
78106,Ashish,Ratnaker,Senior Staff,d001,Marketing
78363,Susumu,Fritzsche,Engineer,d006,Quality Management
78469,Leucio,Cappelli,Staff,d003,Human Resources
78871,Conor,Ghandeharizadeh,Senior Engineer,d005,Development
79043,Katsuo,Hockney,Technique Leader,d004,Production
79171,Guiseppe,Ellozy,Senior Engineer,d004,Production
79310,Jeong,Cunliffe,Senior Staff,d001,Marketing
79606,Arnd,Peir,Senior Engineer,d005,Development
79763,Sanjoy,Barreiro,Senior Staff,d001,Marketing
79895,Fei,Murtagh,Senior Staff,d007,Sales
80067,Kazuhisa,Weiland,Staff,d009,Customer Service
80203,Shakhar,Baik,Staff,d007,Sales
80432,Stella,Figueira,Senior Staff,d008,Research
80731,Shaowen,Eldridge,Senior Staff,d007,Sales
80850,Koldo,Luit,Senior Engineer,d004,Production
80889,Shigeo,Linnainmaa,Senior Engineer,d005,Development
80948,Harjit,Bardell,Senior Engineer,d005,Development
81105,Jaewon,Boissier,Engineer,d005,Development
81545,Larisa,Kornyak,Technique Leader,d005,Development
81644,Divine,Ghandeharizadeh,Staff,d007,Sales
81995,Sreekrishna,Brender,Senior Engineer,d005,Development
82069,Yechezkel,Perfilyeva,Senior Engineer,d004,Production
82098,Poornachandra,Wilharm,Engineer,d004,Production
82351,Stevo,Thambidurai,Senior Staff,d003,Human Resources
82511,Uwe,Koblick,Engineer,d005,Development
82919,Shigeu,Claffy,Engineer,d005,Development
82928,Alselm,Rikino,Engineer,d005,Development
83280,Francesca,Ellozy,Senior Engineer,d004,Production
83289,Shigeichiro,Engelmann,Senior Engineer,d005,Development
83509,Breannda,Collavizza,Senior Engineer,d005,Development
83544,Leaf,Baak,Staff,d007,Sales
83714,Ohad,Kilgore,Engineer,d004,Production
83805,Manohar,Harllee,Senior Engineer,d005,Development
83941,Zsolt,Hagimont,Staff,d008,Research
84029,Babette,Eugenio,Staff,d009,Customer Service
84179,Shuichi,Nanard,Senior Engineer,d004,Production
84236,Eberhardt,Barriga,Senior Staff,d007,Sales
84315,Kristina,Baumann,Assistant Engineer,d005,Development
84451,Shiv,Aumann,Senior Engineer,d005,Development
84508,Tommaso,Vidya,Engineer,d005,Development
84840,Sverrir,Neimat,Staff,d008,Research
84922,Parke,Unno,Engineer,d005,Development
84942,Shin,Fujisaki,Technique Leader,d006,Quality Management
85216,Ferdinand,Rosiles,Senior Staff,d002,Finance
85288,Younwoo,Luders,Engineer,d004,Production
85414,Chiradeep,Callaway,Staff,d002,Finance
85445,Yongdong,Pollock,Staff,d007,Sales
85702,Udi,Merks,Engineer,d006,Quality Management
85874,Pasqua,Taubman,Senior Staff,d009,Customer Service
86213,Kristine,Clemencon,Staff,d001,Marketing
86354,Ronghao,Segond,Senior Engineer,d005,Development
86422,Jaewon,Thummel,Senior Staff,d001,Marketing
86546,Oldrich,Woycyznski,Senior Engineer,d004,Production
86655,Zhenhua,Lorys,Engineer,d004,Production
86672,JoAnne,Anido,Staff,d008,Research
87129,Keung,Neiman,Staff,d007,Sales
87353,Quingbo,Coombs,Senior Engineer,d005,Development
87714,Khun,Janetzko,Engineer,d004,Production
87729,Yongmin,Roccetti,Senior Staff,d008,Research
87783,Conor,Thorensen,Senior Engineer,d005,Development
88103,Goo,Bresenham,Senior Staff,d007,Sales
88411,Lena,Cannane,Engineer,d005,Development
88422,Jungsoon,Birsak,Technique Leader,d004,Production
88647,Vasiliy,Ratnaker,Engineer,d005,Development
88958,Vojin,Coombs,Senior Staff,d002,Finance
88965,Mang,Hedayat,Engineer,d005,Development
89048,Otmar,Birjandi,Engineer,d005,Development
89090,Tetsushi,Theuretzbacher,Senior Staff,d003,Human Resources
89161,Conal,Yetto,Staff,d002,Finance
89207,Along,Erol,Staff,d003,Human Resources
89346,Mansur,Comyn,Engineer,d005,Development
89590,Guther,Rothenberg,Senior Staff,d008,Research
89664,Pranjal,Rossi,Staff,d001,Marketing
89680,Aiman,Mawatari,Senior Engineer,d004,Production
89806,Xiadong,Shinomoto,Engineer,d004,Production
89922,Alexius,Ibel,Engineer,d004,Production
89941,Arnould,Weedman,Senior Staff,d001,Marketing
90077,Vivian,Guerreiro,Assistant Engineer,d005,Development
90084,Renny,Bale,Engineer,d004,Production
90211,Bader,Denis,Engineer,d004,Production
90292,Koichi,Assaf,Senior Engineer,d004,Production
90518,Fumiko,Chepyzhov,Senior Staff,d009,Customer Service
90614,Yonghoan,Trogemann,Assistant Engineer,d004,Production
90692,Rajmohan,DasSarma,Senior Staff,d001,Marketing
91172,Kazuhisa,Melter,Senior Staff,d009,Customer Service
91182,Lucien,Schwartzburd,Engineer,d005,Development
91229,Yahiko,Hebden,Engineer,d004,Production
91256,Gunilla,Milicic,Staff,d001,Marketing
91333,Lobel,Stafford,Staff,d007,Sales
91415,Jamaludin,Nilsson,Staff,d007,Sales
91648,Dmitry,Msuda,Senior Staff,d001,Marketing
92438,Aria,Kilgore,Senior Engineer,d004,Production
92454,Visit,McFarlan,Engineer,d006,Quality Management
92577,Zhanqiu,Farrow,Assistant Engineer,d004,Production
92598,Ranga,Merro,Assistant Engineer,d004,Production
92685,Mang,Atchley,Senior Staff,d007,Sales
92841,Claude,Candan,Senior Staff,d007,Sales
92846,Anyuan,Kropatsch,Senior Staff,d001,Marketing
92920,Huei,Hutter,Engineer,d005,Development
93040,Jaques,Kabayashi,Senior Engineer,d005,Development
93220,Richara,Walston,Senior Engineer,d006,Quality Management
93278,Magdalena,Penn,Senior Engineer,d004,Production
93549,Arie,Coullard,Staff,d002,Finance
93600,Kristina,Neimat,Technique Leader,d004,Production
94331,Ramzi,Cronau,Technique Leader,d004,Production
94416,Aran,Cesareni,Senior Staff,d002,Finance
94761,Hitofumi,Zaccaria,Engineer,d005,Development
94944,Heping,Matheson,Engineer,d005,Development
95181,Yishai,Cappelli,Staff,d008,Research
95286,Kristin,Guerreiro,Engineer,d005,Development
95314,Rasiah,Koblick,Senior Staff,d007,Sales
95406,Alair,Lyonns,Engineer,d005,Development
95416,Gianluca,Ramaiah,Engineer,d005,Development
95509,Kristinn,Loncour,Engineer,d004,Production
95920,Nobuyoshi,Hegner,Senior Staff,d002,Finance
96571,Kokou,Garrabrants,Senior Engineer,d004,Production
96579,Mohan,Tasistro,Engineer,d004,Production
96767,Arumugam,Vecchio,Senior Engineer,d004,Production
97018,Jeanna,Chinen,Engineer,d004,Production
97623,Haldon,Janetzko,Staff,d003,Human Resources
97661,Avishai,Hegner,Senior Staff,d008,Research
98288,Sumali,Huttel,Senior Staff,d008,Research
98306,Ziya,Kadhim,Senior Engineer,d004,Production
98639,Florina,Assaf,Staff,d008,Research
99057,Shugo,Reeken,Staff,d009,Customer Service
99373,Xiaobin,Christianini,Senior Staff,d009,Customer Service
99377,Carrsten,Francisci,Senior Engineer,d005,Development
99590,Dhritiman,Anily,Staff,d007,Sales
99654,Mahendra,Motley,Senior Staff,d008,Research
100865,Hisao,Peral,Engineer,d004,Production
100916,Heejo,Aamodt,Engineer,d005,Development
101487,Abdelaziz,Sury,Senior Staff,d007,Sales
101647,Mori,Homond,Senior Staff,d007,Sales
101902,Mantis,Millington,Senior Staff,d007,Sales
102620,Adin,Templeman,Engineer,d004,Production
103196,Djenana,Albarhamtoshy,Staff,d003,Human Resources
103310,Visit,Swen,Senior Staff,d001,Marketing
103316,Susanne,Peternell,Engineer,d005,Development
103342,Beshir,Hellwagner,Engineer,d006,Quality Management
103756,Heping,Halloran,Assistant Engineer,d005,Development
104133,Pranjal,Zyda,Senior Staff,d007,Sales
104845,Werner,Lodder,Senior Staff,d002,Finance
104988,Parviz,Litzler,Engineer,d005,Development
105342,Kwun,Reeker,Technique Leader,d006,Quality Management
105356,Diederik,Matzov,Senior Engineer,d005,Development
105432,Mohamadou,Stafford,Senior Engineer,d005,Development
105520,Haldun,Lienhardt,Senior Staff,d007,Sales
105731,Sachem,Cromarty,Engineer,d005,Development
106096,Naftali,Schurmann,Engineer,d004,Production
106242,Nevio,Thisen,Senior Staff,d003,Human Resources
106695,Lijie,Garrabrants,Senior Staff,d005,Development
106710,Babette,Anandan,Senior Staff,d001,Marketing
107486,Siamak,Luiz,Senior Engineer,d005,Development
107737,Fabrizio,Chleq,Senior Engineer,d005,Development
107792,Shahab,Crooks,Senior Staff,d001,Marketing
107828,Ramya,Walston,Senior Staff,d007,Sales
108091,Hisao,Ghemri,Staff,d009,Customer Service
108198,Randi,Samarati,Staff,d008,Research
108316,Shai,Stellhorn,Senior Engineer,d004,Production
108988,Oksana,Baek,Senior Staff,d007,Sales
109062,Jamaludin,Kandlur,Senior Engineer,d005,Development
109211,Gor,Delgrande,Engineer,d005,Development
109252,Moty,Winter,Technique Leader,d004,Production
109278,Bangqing,Schach,Senior Staff,d002,Finance
109552,Menkae,Etalle,Engineer,d005,Development
109598,Stamatina,Auyong,Senior Staff,d002,Finance
109620,Mani,Cannata,Staff,d007,Sales
109703,Arco,Walston,Engineer,d004,Production
109741,Hatem,Fadgyas,Senior Engineer,d004,Production
109953,Godehard,Chorvat,Staff,d007,Sales
200267,Chuanti,Luff,Senior Staff,d009,Customer Service
200312,Akemi,Fujisaki,Senior Engineer,d004,Production
200363,Kirk,Quaggetto,Engineer,d005,Development
200735,Dinah,Denos,Senior Staff,d001,Marketing
200789,Susumu,Camurati,Staff,d001,Marketing
201229,Alejandra,Khasidashvili,Staff,d003,Human Resources
201708,Anneli,Perl,Senior Staff,d003,Human Resources
201709,Fan,Kakkad,Senior Staff,d002,Finance
201739,Genta,Terekhov,Assistant Engineer,d005,Development
201801,Waiman,Genin,Engineer,d005,Development
201915,Sudharsan,DeMori,Engineer,d004,Production
202291,Ortrun,Schmiedel,Engineer,d004,Production
202403,Gully,Perko,Engineer,d004,Production
202414,Zvonko,Murthy,Senior Staff,d009,Customer Service
202552,Morris,Saoudi,Engineer,d004,Production
202826,Kerhong,Matzke,Engineer,d005,Development
202882,Isaac,Koshino,Senior Engineer,d005,Development
202950,Giordano,Pietrzykowski,Senior Staff,d003,Human Resources
203474,Hugh,Jonsson,Staff,d007,Sales
203495,Zongyan,Gips,Technique Leader,d005,Development
203599,Ewing,DiGiano,Technique Leader,d005,Development
203720,Sasan,Thimonier,Senior Staff,d007,Sales
203946,Yefim,Marwedel,Senior Staff,d003,Human Resources
204117,Jessie,Nooteboom,Staff,d007,Sales
204133,Susuma,Bergere,Senior Staff,d002,Finance
204246,Arve,Worfolk,Staff,d008,Research
204425,Gretta,Huttel,Senior Engineer,d005,Development
204470,Hein,Lichtner,Staff,d007,Sales
204471,Franziska,Maginnis,Senior Engineer,d005,Development
204764,Susanne,Mandelberg,Engineer,d005,Development
205018,Yahiko,Awdeh,Engineer,d006,Quality Management
205085,Moni,Kornyak,Technique Leader,d005,Development
205174,Leszek,Spinelli,Staff,d001,Marketing
205500,Mary,Setiz,Senior Engineer,d005,Development
205627,Stabislas,Broder,Engineer,d004,Production
205660,Kien,Barreiro,Staff,d001,Marketing
205699,Youjian,Yetto,Staff,d007,Sales
205789,Limsoon,Skafidas,Senior Staff,d002,Finance
205863,Aiichiro,Kusalik,Engineer,d006,Quality Management
206748,Yucai,Fabrizio,Staff,d007,Sales
206836,Guadalupe,Pfau,Senior Staff,d008,Research
206966,Tzu,Sichman,Engineer,d005,Development
207021,Jacqueline,Akaboshi,Engineer,d004,Production
207068,Zhiguo,Ariola,Senior Staff,d001,Marketing
207204,Kellie,Schrooten,Assistant Engineer,d005,Development
207401,Shuji,Barbanera,Senior Staff,d008,Research
207551,Baziley,Falck,Assistant Engineer,d005,Development
207779,Chinya,Kamble,Senior Staff,d008,Research
207980,Remko,Vieth,Staff,d003,Human Resources
208147,Manu,Rothenberg,Senior Engineer,d005,Development
208330,Shen,Flanders,Staff,d007,Sales
208639,Larisa,Lukaszewicz,Senior Staff,d007,Sales
208653,Phillip,Schade,Senior Engineer,d005,Development
208784,Pranjal,Juneja,Senior Engineer,d004,Production
209101,Xinyu,Edelhoff,Senior Engineer,d006,Quality Management
209443,Krassimir,Garnier,Senior Staff,d003,Human Resources
209565,Dante,Covnot,Senior Staff,d001,Marketing
209712,Nimmagadda,Baak,Engineer,d005,Development
210017,Shalesh,Lovengreen,Senior Staff,d003,Human Resources
210292,Lihong,Zeilberger,Staff,d003,Human Resources
210449,Gino,Lagarias,Engineer,d004,Production
210752,Saniya,Stenning,Senior Staff,d001,Marketing
210786,Werner,Ranze,Staff,d003,Human Resources
211858,Domenico,Ratnaker,Engineer,d004,Production
211879,Gao,Ranze,Senior Engineer,d005,Development
211967,Anwar,Bain,Engineer,d005,Development
212093,Leni,Henders,Senior Staff,d003,Human Resources
212154,Sailaja,Holburn,Senior Staff,d009,Customer Service
212361,Claudi,Stanfel,Senior Engineer,d006,Quality Management
213016,Yongmao,Fontan,Engineer,d005,Development
213140,Tru,Danecki,Staff,d007,Sales
213384,Pranas,Narwekar,Engineer,d005,Development
213447,Armond,Perly,Engineer,d004,Production
214215,Xiaoqiang,Cardazo,Senior Staff,d007,Sales
214391,Rayond,Klassen,Senior Staff,d009,Customer Service
214427,Peer,Molberg,Engineer,d004,Production
214539,Ingmar,Kohling,Engineer,d005,Development
214634,Shirish,Vickson,Engineer,d005,Development
214789,Arfst,Chepyzhov,Senior Engineer,d004,Production
214866,Gopalakrishnan,Angel,Senior Engineer,d005,Development
214995,Dinkar,Hoppenstand,Engineer,d004,Production
215419,Flemming,Kroha,Staff,d003,Human Resources
215629,Munehiro,Manders,Senior Staff,d009,Customer Service
215746,Sven,Speer,Staff,d002,Finance
215843,Pramod,Loncour,Senior Staff,d001,Marketing
216054,Sahrah,Angiulli,Senior Staff,d008,Research
216342,Aiichiro,Cromarty,Senior Engineer,d005,Development
216375,Byong,Gustavson,Senior Engineer,d005,Development
216502,Xiaocheng,Suermann,Engineer,d005,Development
216573,Ashish,Vidya,Senior Engineer,d004,Production
216921,Lena,Lenart,Senior Staff,d007,Sales
217026,Otmar,Engberts,Staff,d007,Sales
217080,Masami,Puoti,Senior Engineer,d005,Development
217272,Yuchang,Eldridge,Staff,d007,Sales
217286,Yannik,Spelt,Technique Leader,d005,Development
217320,Abdelwaheb,Denis,Engineer,d006,Quality Management
217363,Horward,Marzano,Staff,d009,Customer Service
217387,Jianhao,Molenaar,Engineer,d005,Development
217551,Panayotis,Lukaszewicz,Senior Engineer,d004,Production
217800,Shay,Servieres,Senior Staff,d002,Finance
218022,Mokhtar,Poupard,Technique Leader,d005,Development
218100,Jiong,Garnham,Staff,d003,Human Resources
218831,Unal,DuBourdieux,Engineer,d004,Production
219035,Kristine,Bierman,Technique Leader,d006,Quality Management
219047,Aemilian,Kusalik,Engineer,d005,Development
219052,Marsal,Acton,Staff,d001,Marketing
219417,Subhrajyoti,Denna,Staff,d008,Research
219497,Moie,Zastre,Technique Leader,d005,Development
219967,Susanna,Reeken,Senior Staff,d003,Human Resources
220029,Demos,Asser,Senior Engineer,d005,Development
220131,Reinhard,Slaats,Engineer,d005,Development
220418,Poorav,Laventhal,Staff,d007,Sales
220528,Sibyl,Rabehasaina,Senior Staff,d008,Research
220582,Poornachandra,Zielinski,Senior Staff,d001,Marketing
220611,Yuping,Babb,Senior Staff,d007,Sales
220625,Shigenori,Deville,Technique Leader,d004,Production
220699,Nahid,Gyimothy,Staff,d009,Customer Service
220799,Perla,Orlowska,Senior Engineer,d005,Development
221126,Tesuya,dAstous,Engineer,d005,Development
221367,Saddek,Farris,Senior Staff,d009,Customer Service
221369,Abdulah,Pocchiola,Engineer,d006,Quality Management
221435,Djenana,Marrevee,Senior Engineer,d004,Production
221973,Sangeeta,Kalefeld,Staff,d001,Marketing
222206,Stein,Uludag,Senior Staff,d003,Human Resources
222311,Miyeon,Billingsley,Senior Engineer,d005,Development
222319,Matt,Chvatal,Senior Engineer,d005,Development
222354,Valdiodio,Schlumberger,Assistant Engineer,d005,Development
222616,Badri,Schapire,Assistant Engineer,d006,Quality Management
222770,Kazuhiko,Kushner,Senior Engineer,d005,Development
222878,Annemarie,Zallocco,Senior Engineer,d004,Production
222926,Limsoon,Erol,Senior Engineer,d005,Development
222952,Gopalakrishnan,Suermann,Engineer,d004,Production
222998,Leaf,Awdeh,Senior Staff,d001,Marketing
223593,Hidefumi,Moehrke,Staff,d001,Marketing
223595,Chiranjit,Dredge,Technique Leader,d004,Production
224135,Annemarie,Bressoud,Engineer,d005,Development
224335,Perry,Chachaty,Senior Engineer,d005,Development
224390,True,Shobatake,Senior Staff,d008,Research
224934,George,Miake,Senior Staff,d003,Human Resources
225438,Remmert,Quaggetto,Staff,d007,Sales
225601,Masasuke,Genin,Assistant Engineer,d005,Development
225788,Ipke,Kieras,Engineer,d005,Development
225867,Ramalingam,Remmele,Senior Engineer,d006,Quality Management
225964,Mooi,Cooman,Senior Engineer,d004,Production
226216,Giordano,Gini,Technique Leader,d006,Quality Management
226227,Herbert,Erva,Senior Engineer,d004,Production
227354,Gio,Murtha,Senior Engineer,d005,Development
227476,Macha,Schnabel,Engineer,d005,Development
227681,Mikhail,Rousseau,Staff,d002,Finance
227899,Garnik,Luce,Staff,d001,Marketing
227901,Francesca,Azuma,Senior Staff,d008,Research
228098,IEEE,Kroll,Engineer,d004,Production
228248,Yuriy,Plump,Senior Staff,d008,Research
228554,Bilhanan,Brendel,Senior Staff,d007,Sales
228766,Nahla,Smailagic,Engineer,d004,Production
229098,Berry,Yurek,Senior Staff,d009,Customer Service
229220,Fabrizio,Lichtman,Senior Engineer,d004,Production
229248,Harjit,Terekhov,Staff,d008,Research
229386,Pohua,Tasistro,Technique Leader,d004,Production
229391,Paloma,Henseler,Senior Engineer,d004,Production
229404,Gilbert,Kilgour,Staff,d003,Human Resources
229547,Moni,Schach,Senior Staff,d007,Sales
229727,Ewing,Millington,Engineer,d005,Development
229981,Jamaludin,Fordan,Engineer,d004,Production
230002,Tadahiro,Backhouse,Engineer,d005,Development
230126,Bezalel,Radivojevic,Staff,d009,Customer Service
230287,Renny,Alameldin,Assistant Engineer,d004,Production
230354,Yinghua,Lorho,Senior Staff,d003,Human Resources
230498,Kolar,Puppo,Engineer,d004,Production
230579,Shahar,Negoita,Senior Staff,d002,Finance
230689,Dietrich,Crabtree,Senior Staff,d007,Sales
230865,Takushi,Brattka,Staff,d001,Marketing
231069,Trygve,Siksek,Staff,d007,Sales
231459,Nectarios,Pramanik,Assistant Engineer,d004,Production
231671,Chandrasekaran,Pearson,Staff,d009,Customer Service
231798,Goetz,Alvarado,Engineer,d005,Development
232178,Etsuo,Anandan,Senior Staff,d003,Human Resources
232209,Nitsan,Rouquie,Engineer,d006,Quality Management
232697,Barry,Ramsak,Engineer,d004,Production
232723,Tesuya,Bugrara,Assistant Engineer,d006,Quality Management
233114,Alselm,Gargeya,Senior Engineer,d005,Development
233394,Khalid,Lenart,Engineer,d005,Development
233397,Fay,Sundgren,Senior Staff,d007,Sales
233426,Etsuo,Usery,Engineer,d005,Development
233690,Cedric,Riefers,Engineer,d005,Development
233759,Zissis,Lodder,Engineer,d004,Production
233765,Kotesh,Chachaty,Senior Engineer,d005,Development
233785,Baziley,Ballarin,Senior Staff,d007,Sales
233818,Kellie,Heydon,Engineer,d005,Development
234195,Luerbio,Terkki,Staff,d007,Sales
234739,Foong,Aamodt,Senior Engineer,d004,Production
235017,Irena,Dratva,Senior Staff,d007,Sales
235096,Sverrir,Gyimothy,Senior Staff,d007,Sales
235325,Gro,Prochazka,Engineer,d005,Development
235368,Anneli,Joslin,Senior Engineer,d004,Production
235458,Gio,Heuser,Senior Staff,d008,Research
235729,Henk,Anger,Senior Staff,d001,Marketing
235780,Sampalli,Bergere,Senior Engineer,d004,Production
235793,Jayesh,Spinelli,Senior Engineer,d004,Production
236315,IEEE,Raczkowsky,Technique Leader,d005,Development
236566,Yechezkel,Maginnis,Staff,d009,Customer Service
236591,Insup,Reinhard,Senior Staff,d001,Marketing
236827,Almudena,Rijckaert,Senior Engineer,d005,Development
236883,Huan,Olivero,Staff,d007,Sales
236964,Adel,Foote,Staff,d007,Sales
238112,Miomir,Frezza,Technique Leader,d004,Production
238252,Uno,Suppi,Staff,d007,Sales
238422,Vishv,Angelov,Senior Staff,d007,Sales
238949,Minghong,Cronin,Senior Staff,d007,Sales
239067,Tadahiko,Pocchiola,Staff,d007,Sales
239244,Abdulla,Kitai,Staff,d007,Sales
239415,Susumu,Brender,Engineer,d004,Production
239426,Vesna,Fairtlough,Engineer,d005,Development
239664,Sugwoo,Michaels,Engineer,d004,Production
239706,Arunas,Bugrara,Assistant Engineer,d004,Production
239748,Bilhanan,Dusink,Staff,d007,Sales
239803,Oscal,Ernst,Staff,d008,Research
240132,Mizuhito,Kobara,Senior Staff,d009,Customer Service
240236,True,Tischendorf,Engineer,d004,Production
240285,Kolar,Greenaway,Staff,d009,Customer Service
240340,Mack,Staylopatis,Engineer,d004,Production
240438,Temple,Cyre,Senior Staff,d009,Customer Service
240870,Francesca,Chorvat,Senior Staff,d004,Production
241100,Cedric,Molenaar,Senior Engineer,d005,Development
241254,Jagoda,Anguita,Senior Engineer,d005,Development
241292,Uri,Lampe,Senior Staff,d001,Marketing
241567,Emran,Miara,Engineer,d005,Development
241667,Atilio,Olivero,Engineer,d004,Production
241728,Limsoon,Boudaillier,Senior Engineer,d004,Production
241872,Bluma,Fetvedt,Senior Staff,d005,Development
242019,Herb,Murrill,Senior Engineer,d004,Production
242081,Tomokazu,Pargas,Engineer,d004,Production
242104,Richara,Sudkamp,Senior Staff,d001,Marketing
242500,Bingning,Iisaku,Staff,d007,Sales
242800,Kazuyasu,Levergood,Engineer,d005,Development
243018,Bowen,Deverell,Senior Staff,d001,Marketing
243077,Kazunori,Perz,Senior Engineer,d004,Production
243576,Abdulah,Lodder,Staff,d007,Sales
243637,Marjo,Delgrange,Senior Staff,d001,Marketing
243898,Arch,Basawa,Staff,d001,Marketing
244308,Mokhtar,Rebaine,Senior Staff,d001,Marketing
244605,Masoud,Suwa,Senior Staff,d002,Finance
244624,Boaz,Seuren,Staff,d008,Research
244711,Rosli,Butner,Engineer,d004,Production
244714,Poorav,Clouatre,Senior Engineer,d004,Production
244820,Shigenori,Hertweck,Senior Engineer,d005,Development
244873,Arunachalam,Oppitz,Senior Staff,d007,Sales
245164,Filipp,Winter,Engineer,d004,Production
245396,Gift,Bottner,Senior Staff,d003,Human Resources
245664,Manohar,Kilgore,Staff,d007,Sales
246146,Zhongwei,Melski,Senior Engineer,d006,Quality Management
246244,George,Casperson,Staff,d003,Human Resources
246364,Alper,Tiemann,Engineer,d005,Development
246764,Shuzo,Czaja,Staff,d007,Sales
246798,Tianruo,Strooper,Senior Staff,d001,Marketing
246902,Shih,Shanbhogue,Staff,d003,Human Resources
247089,Seongbae,Schahn,Staff,d007,Sales
247122,Xiaobin,Narlikar,Senior Staff,d003,Human Resources
247447,Tzu,Bakhtari,Engineer,d004,Production
247456,Masako,Bahk,Engineer,d004,Production
247612,Chiranjit,Constantine,Engineer,d005,Development
247875,Xiong,Anick,Senior Staff,d001,Marketing
247888,Abdelghani,Lagarias,Senior Engineer,d006,Quality Management
248256,Sajjan,Falby,Staff,d007,Sales
248351,Jaana,Milicia,Senior Staff,d001,Marketing
248758,Snehasis,Muhlberg,Senior Staff,d007,Sales
248953,Percy,Sudbeck,Assistant Engineer,d004,Production
249239,Hideyuki,Decleir,Senior Engineer,d005,Development
249325,Ute,Pokrovskii,Staff,d007,Sales
249433,Ayonca,Matzov,Senior Engineer,d004,Production
249504,Dmitry,Velardi,Engineer,d005,Development
249780,Nechama,Gaughan,Engineer,d004,Production
249799,Jolita,Neimat,Senior Engineer,d005,Development
249866,Steen,Gubsky,Senior Staff,d007,Sales
249969,Georgi,Luiz,Engineer,d004,Production
250411,Ranga,Sommen,Senior Staff,d007,Sales
250452,Alexius,Plavsic,Senior Engineer,d005,Development
250748,Kish,Turnbull,Senior Engineer,d005,Development
251166,Hinrich,Hooghiemstra,Senior Staff,d002,Finance
251233,Yucel,Bernini,Engineer,d004,Production
251301,Pintsang,Impagliazzo,Senior Staff,d007,Sales
251341,Divier,Kumaresan,Senior Staff,d003,Human Resources
251403,Utpal,DuBourdieux,Technique Leader,d005,Development
251437,Shichao,Iwayama,Assistant Engineer,d005,Development
251645,Bezalel,Tsunoo,Senior Staff,d007,Sales
251680,Moty,Sommen,Senior Engineer,d005,Development
251814,Mitsuyuki,Zockler,Technique Leader,d004,Production
252185,Chaosheng,Conta,Assistant Engineer,d006,Quality Management
252316,Gill,Niizuma,Engineer,d005,Development
252392,Sanjeeva,Peron,Senior Engineer,d004,Production
253029,Thodoros,Thimonier,Engineer,d006,Quality Management
253707,Insup,Hainaut,Staff,d007,Sales
253838,Stafford,Terlouw,Assistant Engineer,d004,Production
253893,Huiqun,Trystram,Senior Engineer,d004,Production
254044,Gunilla,Brendel,Senior Engineer,d006,Quality Management
254399,Armond,Lores,Technique Leader,d004,Production
254821,Tonny,Couchot,Staff,d007,Sales
255466,Huan,Roccetti,Senior Engineer,d004,Production
255657,Oldrich,Cyre,Engineer,d005,Development
255779,Heejo,Merle,Technique Leader,d004,Production
256216,Halsur,Brodal,Engineer,d004,Production
256856,Hongzue,Barbanera,Senior Staff,d003,Human Resources
256881,Ioana,Jakobus,Senior Engineer,d005,Development
256888,Heather,Pehl,Staff,d001,Marketing
257062,Stabislas,Pardalos,Senior Engineer,d005,Development
257378,Pascal,Bernatsky,Senior Staff,d001,Marketing
257469,Anyuan,Hanratty,Staff,d002,Finance
257484,Shaowei,Nicolson,Senior Staff,d003,Human Resources
258028,Mountaz,Reinhart,Engineer,d005,Development
258124,Mariusz,Zolotykh,Senior Staff,d007,Sales
258470,Weiwu,Butner,Staff,d007,Sales
258643,Przemyslawa,Esposito,Engineer,d005,Development
259042,Xiaoqiang,Farrow,Staff,d007,Sales
259237,Palash,Gammage,Senior Staff,d009,Customer Service
259273,Xiahua,Gomatam,Senior Engineer,d004,Production
259611,Shuichi,Marrakchi,Senior Staff,d007,Sales
259619,Conal,Magliocco,Senior Staff,d002,Finance
259718,Stepehn,Bouloucos,Senior Staff,d005,Development
260153,Mingdong,Baar,Technique Leader,d005,Development
260249,Vugranam,Beausoleil,Staff,d009,Customer Service
260361,Reinhold,Rahier,Engineer,d004,Production
260399,Hatem,Birsak,Senior Staff,d002,Finance
260408,Sasan,Brookner,Senior Staff,d009,Customer Service
260501,Dzung,Pargas,Technique Leader,d005,Development
261184,Masako,Kornatzky,Senior Engineer,d004,Production
261631,Jianhua,Huttel,Engineer,d005,Development
261662,Berni,Assaf,Senior Staff,d002,Finance
261737,Mark,Lindqvist,Senior Engineer,d004,Production
261986,Gila,Ramsak,Senior Engineer,d005,Development
261990,Volkmar,Czaja,Senior Staff,d007,Sales
262208,Mrinalini,Holburn,Senior Staff,d007,Sales
262210,Chinho,Bottner,Engineer,d005,Development
262328,Mayuko,Vural,Staff,d007,Sales
262439,Lorien,Lagarias,Staff,d001,Marketing
262636,Tamiya,Reutenauer,Senior Engineer,d004,Production
262752,Pramod,Bierman,Engineer,d005,Development
262928,Piyush,Gill,Engineer,d004,Production
263012,Hideo,Buchter,Staff,d003,Human Resources
263186,Danny,Lowrie,Technique Leader,d005,Development
263370,Shakhar,Ranze,Staff,d007,Sales
263439,Atreye,Kabayashi,Senior Engineer,d005,Development
263645,Mingsen,Lally,Senior Engineer,d005,Development
263649,Mechthild,Zongker,Senior Staff,d007,Sales
263926,Fusako,Schwartzbauer,Senior Staff,d007,Sales
264030,Zdislav,Solares,Assistant Engineer,d004,Production
264167,Baoqiu,Tomescu,Senior Engineer,d005,Development
264322,Leandro,Swist,Senior Staff,d007,Sales
264626,Noritoshi,Bakhtari,Senior Staff,d001,Marketing
264939,Bogdan,Bahi,Senior Engineer,d004,Production
265039,Navid,Staudhammer,Staff,d002,Finance
265521,Kensei,Salverda,Engineer,d004,Production
265558,Susuma,Kleiser,Senior Staff,d007,Sales
265794,Miquel,Halloran,Senior Staff,d007,Sales
265875,Fan,Marsiglia,Senior Engineer,d004,Production
266206,Zsolt,Anily,Staff,d001,Marketing
266249,Sumant,Nishimukai,Senior Staff,d007,Sales
266310,Zvonko,Serdy,Senior Staff,d008,Research
266644,Anwar,Gubsky,Staff,d002,Finance
266862,Mart,Plumb,Senior Staff,d008,Research
266881,Mokhtar,Sabnani,Senior Staff,d001,Marketing
267059,Moie,Tempesti,Staff,d009,Customer Service
267227,Susuma,Tagansky,Senior Engineer,d004,Production
267304,Jordanka,Axelband,Senior Staff,d007,Sales
267667,Irena,Kaiserswerth,Senior Staff,d007,Sales
268043,Narain,Mikschl,Engineer,d005,Development
268191,LiMin,Teitelbaum,Engineer,d004,Production
269728,Naftali,Kragelund,Staff,d001,Marketing
270084,Ulises,Frolund,Senior Staff,d001,Marketing
270716,Shunichi,Baer,Staff,d007,Sales
270794,Dannz,Zhang,Senior Staff,d001,Marketing
271106,Taisook,Kampfer,Engineer,d004,Production
271219,Odoardo,Tyugu,Engineer,d004,Production
272141,Tsutomu,Neiman,Senior Staff,d005,Development
272285,Gully,Mitchem,Staff,d009,Customer Service
272316,Surveyors,Muhling,Engineer,d004,Production
272452,Mitsuyuki,Isard,Engineer,d005,Development
272599,Holgard,Hegner,Senior Staff,d001,Marketing
272860,Minghong,Candan,Assistant Engineer,d004,Production
273159,Divine,Hofmeyr,Technique Leader,d005,Development
273286,Brigham,Asmuth,Senior Engineer,d005,Development
273396,Wayne,Baba,Engineer,d005,Development
273806,Hongzhu,Beetstra,Senior Staff,d001,Marketing
273858,Gunilla,Matzen,Senior Staff,d007,Sales
274071,Mingsen,Weiland,Staff,d003,Human Resources
274271,Prodip,Ritcey,Staff,d007,Sales
274369,Ranga,Waymire,Senior Staff,d008,Research
274813,Yefim,Pettey,Staff,d007,Sales
275158,Satyanarayana,Brandsma,Engineer,d005,Development
275263,Vojin,Laventhal,Engineer,d005,Development
275444,Limsoon,Leppanen,Engineer,d005,Development
275495,Shen,Yamaashi,Staff,d007,Sales
275801,Ayakannu,Heinisuo,Senior Staff,d007,Sales
275881,Jiann,Munro,Senior Engineer,d004,Production
275994,Uma,Prampolini,Engineer,d004,Production
276027,Holgard,Stavenow,Staff,d008,Research
276184,Mari,Swick,Senior Staff,d007,Sales
276186,Sajjad,Vecchi,Senior Staff,d003,Human Resources
276189,Isaac,Klerer,Staff,d003,Human Resources
276445,Atilio,Randi,Senior Engineer,d004,Production
276472,Hideyuki,Flanders,Senior Engineer,d005,Development
276563,Gift,Solares,Senior Staff,d009,Customer Service
276868,Alois,Sanella,Staff,d001,Marketing
277316,Vitali,Rothenberg,Senior Staff,d007,Sales
277362,Uzi,Kugler,Senior Staff,d009,Customer Service
277420,Rayond,Schach,Engineer,d004,Production
277777,Herbert,Itzigehl,Senior Engineer,d005,Development
277829,Michaela,Fandrianto,Senior Engineer,d005,Development
278239,Boaz,Bottner,Staff,d008,Research
278386,Caolyn,Poujol,Technique Leader,d006,Quality Management
278452,Sudhanshu,Toyoshima,Staff,d003,Human Resources
278536,Munenori,Shobatake,Staff,d001,Marketing
278549,Jaana,Werthner,Senior Staff,d007,Sales
278953,Jeanna,Ghandeharizadeh,Senior Engineer,d005,Development
279115,Maren,DuCasse,Engineer,d005,Development
279280,Niranjan,Debuse,Engineer,d004,Production
279791,Chiranjit,Lyonns,Assistant Engineer,d005,Development
280070,Niteen,Ebeling,Senior Staff,d003,Human Resources
280291,Lenore,Badache,Staff,d009,Customer Service
280420,Jahangir,Hofting,Staff,d007,Sales
280525,Kish,Herbst,Staff,d007,Sales
280648,Heeju,Lorys,Engineer,d004,Production
281570,Zijian,Covnot,Assistant Engineer,d005,Development
281692,Khosrow,Sommen,Senior Engineer,d006,Quality Management
281848,Parke,Staylopatis,Engineer,d005,Development
281859,Masanao,Papastamatiou,Senior Engineer,d004,Production
282191,Alper,Shinomoto,Engineer,d005,Development
282333,Nahla,Serdy,Staff,d008,Research
282343,Xinglin,Haldar,Staff,d007,Sales
282547,Nahum,Codenie,Engineer,d005,Development
282585,Zijian,Lammel,Staff,d009,Customer Service
282894,Fay,Bellmore,Engineer,d005,Development
284300,Ishfaq,Mahmud,Staff,d001,Marketing
284431,Pintsang,Fujisawa,Senior Staff,d007,Sales
284561,Duri,Beznosov,Senior Engineer,d006,Quality Management
284687,Oksana,Redmiles,Senior Engineer,d005,Development
284691,Theron,Ressouche,Senior Engineer,d005,Development
284711,Martijn,Azevdeo,Senior Engineer,d005,Development
284717,Gal,Ranta,Engineer,d005,Development
284856,Moto,Kobara,Senior Engineer,d006,Quality Management
284954,Anneke,Hammerschmidt,Engineer,d006,Quality Management
285164,Xiaocheng,Kumaresan,Staff,d007,Sales
285396,Lena,Kohling,Senior Engineer,d005,Development
285905,Kellyn,Bage,Senior Staff,d008,Research
285906,Arnould,Buescher,Engineer,d005,Development
286026,Utpal,Zaumen,Senior Staff,d007,Sales
286029,Jaques,Nanard,Staff,d009,Customer Service
286370,Toshimitsu,Seuren,Senior Staff,d003,Human Resources
286452,Behnaam,Bierbaum,Engineer,d005,Development
286573,Nahum,Nishimukai,Engineer,d004,Production
286779,Sigeru,Versino,Engineer,d004,Production
286986,Woody,Trelles,Senior Engineer,d005,Development
287323,Steve,Dengi,Staff,d007,Sales
287327,Youjian,Felder,Senior Staff,d003,Human Resources
287334,Elliott,Speer,Engineer,d004,Production
287482,Shigeaki,Gihr,Engineer,d006,Quality Management
287583,Jovan,Hockney,Senior Engineer,d004,Production
287609,Sailaja,Negoita,Senior Engineer,d005,Development
287713,Aamod,Ranka,Senior Staff,d002,Finance
287808,Vidar,Ozeki,Technique Leader,d005,Development
287983,Randi,Munos,Senior Staff,d001,Marketing
287984,Troy,Kobuchi,Engineer,d005,Development
288028,Kauko,Narwekar,Engineer,d005,Development
288142,Shay,Heystek,Staff,d007,Sales
288166,Masoud,Asmuth,Staff,d003,Human Resources
288560,Yifei,Birjandi,Staff,d001,Marketing
288563,Cristinel,Gerlach,Engineer,d004,Production
288606,Susumu,Swiss,Senior Staff,d007,Sales
288665,Horward,Khasidashvili,Senior Engineer,d005,Development
288893,Bedrich,Rosenbaum,Engineer,d005,Development
289454,Bowen,Narwekar,Senior Engineer,d005,Development
289687,Fai,Maccarone,Staff,d008,Research
289807,Soenke,Lemarechal,Senior Staff,d009,Customer Service
289909,Hilari,Vecchio,Senior Staff,d007,Sales
290009,Zijian,Rindone,Senior Staff,d003,Human Resources
290075,Boalin,Byoun,Staff,d003,Human Resources
290284,Kwangjo,Menhardt,Engineer,d005,Development
290441,Gregory,Collavizza,Staff,d007,Sales
290467,Shaowen,Poulakidas,Senior Staff,d008,Research
290478,Tsvetan,Sherertz,Assistant Engineer,d006,Quality Management
290563,Shigehiro,Oxenboll,Senior Engineer,d004,Production
290769,Lalit,Blokdijk,Senior Engineer,d005,Development
291352,Danai,Trelles,Technique Leader,d008,Research
291612,Siamak,Gomatam,Engineer,d005,Development
291669,Faiza,Bach,Engineer,d005,Development
292110,Menkae,Showalter,Engineer,d005,Development
292146,Khatoun,Pulkowski,Engineer,d005,Development
292210,Masaru,Huhdanpaa,Engineer,d005,Development
292404,Hongzue,Zultner,Senior Staff,d008,Research
292504,Georgi,Bednarek,Engineer,d006,Quality Management
292515,Bernd,Thummel,Assistant Engineer,d005,Development
292828,Ziya,Tokunaga,Senior Engineer,d004,Production
293080,Hideyuki,Slaats,Senior Staff,d003,Human Resources
293154,Syozo,Maliniak,Senior Staff,d001,Marketing
293280,Moti,Steenbeek,Senior Engineer,d005,Development
293329,Fumiya,Griswold,Engineer,d005,Development
293746,Sanjay,Litecky,Senior Engineer,d005,Development
293752,Jungsoon,Bail,Senior Staff,d007,Sales
294144,Takanari,Ermel,Senior Staff,d007,Sales
294241,Marl,Fiebach,Senior Staff,d002,Finance
294446,Claudi,Ruemmler,Staff,d002,Finance
294461,Siddarth,Rosiles,Senior Engineer,d005,Development
294527,Ashish,Candan,Senior Staff,d001,Marketing
294652,Hironobu,Brodie,Senior Engineer,d005,Development
294791,Vesna,Lammel,Assistant Engineer,d005,Development
294857,Caolyn,Ozeri,Senior Engineer,d005,Development
295030,Fun,Keirsey,Senior Staff,d009,Customer Service
295236,Kauko,Fujisawa,Engineer,d005,Development
295254,Xuejun,Pfau,Senior Staff,d003,Human Resources
295255,Jacopo,Bellone,Technique Leader,d004,Production
295262,Moon,Pews,Assistant Engineer,d004,Production
295268,Eben,Calkin,Staff,d003,Human Resources
295278,Val,Barvinok,Senior Engineer,d005,Development
295411,Chiranjit,Serot,Staff,d007,Sales
295857,Kankanahalli,Ciolek,Senior Staff,d003,Human Resources
296062,Shaz,Driscoll,Staff,d008,Research
296303,Mariangiola,Heyers,Technique Leader,d005,Development
296428,Charmane,Simmen,Senior Staff,d007,Sales
296664,Dipayan,Geffroy,Senior Engineer,d004,Production
296687,Palash,Spieker,Senior Staff,d008,Research
296718,Kamakshi,Bahl,Senior Engineer,d004,Production
297232,Lokesh,Saoudi,Senior Staff,d007,Sales
297431,Cathie,Ratnakar,Senior Staff,d001,Marketing
297474,Irena,Terkki,Staff,d008,Research
297905,Marc,Bahl,Assistant Engineer,d005,Development
297954,Sailaja,Fujisaki,Assistant Engineer,d004,Production
298339,King,Benzmuller,Senior Engineer,d005,Development
298577,Florina,Litecky,Senior Staff,d002,Finance
298953,Zita,Syang,Staff,d002,Finance
299346,Fumitake,Sichman,Senior Staff,d003,Human Resources
299580,Luisa,Itzfeldt,Engineer,d006,Quality Management
299718,Denny,Shobatake,Senior Staff,d008,Research
299737,Patricio,Itzfeldt,Staff,d007,Sales
400046,Hilari,Christ,Senior Staff,d005,Development
400358,Angus,Jullig,Engineer,d005,Development
400683,Kamakshi,Manders,Staff,d007,Sales
400780,Poornachandra,Asser,Engineer,d005,Development
400796,Bodo,Halevi,Engineer,d005,Development
401154,Danae,Kragelund,Senior Staff,d003,Human Resources
401278,Oguz,Schurmann,Assistant Engineer,d004,Production
401333,Martins,Shokrollahi,Engineer,d004,Production
401420,Florian,Uhrig,Senior Staff,d009,Customer Service
401574,Yannik,Falco,Technique Leader,d004,Production
402025,Shigehito,Duclos,Engineer,d006,Quality Management
402102,Kersti,Granlund,Engineer,d005,Development
402664,Subhada,Janetzko,Senior Engineer,d004,Production
402718,Jeanna,Rettelbach,Engineer,d005,Development
402827,Weidon,Pollacia,Senior Staff,d002,Finance
403010,Toshimitsu,Sluis,Senior Engineer,d005,Development
403621,Deborah,Kaminger,Senior Staff,d001,Marketing
403644,Krisda,Hainaut,Senior Staff,d003,Human Resources
403954,Jeanna,Bratten,Senior Engineer,d005,Development
404018,Valery,Babb,Senior Engineer,d005,Development
404236,Zengping,Kakkar,Engineer,d005,Development
404462,Anestis,Setlzner,Engineer,d005,Development
404573,Eberhardt,Spelt,Staff,d003,Human Resources
404755,Manu,Junet,Staff,d001,Marketing
404788,Basem,Beausoleil,Engineer,d005,Development
405015,Morris,Fargier,Staff,d007,Sales
405063,Yechezkel,Yurov,Senior Engineer,d004,Production
406125,Georgi,Portugali,Technique Leader,d004,Production
406239,Marek,Tomescu,Senior Engineer,d005,Development
406564,Parviz,Picco,Engineer,d005,Development
406714,Malu,Ossenbruggen,Senior Staff,d008,Research
406847,Alexius,Crouzet,Staff,d007,Sales
407522,Tommaso,Raczkowsky,Staff,d002,Finance
407837,Fei,Erez,Engineer,d004,Production
408019,Shridhar,Chleq,Senior Engineer,d004,Production
408114,Geoffrey,Ladret,Engineer,d005,Development
408163,Irene,Sethi,Senior Engineer,d005,Development
408417,Tsz,Daescu,Staff,d002,Finance
408437,Uno,Solares,Staff,d009,Customer Service
408447,Mayuri,Werthner,Staff,d001,Marketing
408654,Yongqiao,Cochrane,Staff,d009,Customer Service
408953,Jolita,Claffy,Senior Engineer,d005,Development
409391,Willard,Verspoor,Engineer,d004,Production
409798,Dekang,Tsunoo,Technique Leader,d004,Production
409805,Frazer,Candan,Senior Engineer,d006,Quality Management
409898,Divier,Ishibashi,Engineer,d005,Development
410028,Xiadong,McClurg,Senior Staff,d003,Human Resources
410372,Duri,Mitina,Senior Engineer,d005,Development
410433,Kazuhisa,Riesenhuber,Senior Engineer,d004,Production
410616,Gudjon,Kalorkoti,Engineer,d005,Development
410804,Ronnie,Denos,Engineer,d004,Production
410881,Koichi,Grabner,Senior Engineer,d004,Production
411070,Otmar,Brandsma,Engineer,d005,Development
411082,Martine,Cangellaris,Engineer,d004,Production
411143,Goncalo,Barbanera,Senior Staff,d001,Marketing
412404,Mitsuyuki,Jeansoulin,Senior Engineer,d004,Production
412757,Leen,Peak,Engineer,d005,Development
413098,Hsiangchu,Taubenfeld,Staff,d008,Research
413205,Mototsugu,Prampolini,Senior Staff,d007,Sales
413666,Remco,Duclos,Senior Staff,d002,Finance
413729,Harjit,Ernst,Technique Leader,d005,Development
413831,Mohamadou,Grabner,Senior Staff,d009,Customer Service
413832,Marco,Jahnichen,Senior Staff,d003,Human Resources
414027,Tadanori,Msuda,Engineer,d009,Customer Service
414091,Wuxu,Kuhnemann,Engineer,d005,Development
414543,Bernd,Anick,Senior Engineer,d004,Production
414551,Elliott,Copas,Senior Engineer,d005,Development
414662,Ipke,Schneeberger,Engineer,d005,Development
414714,Chinho,Delgrande,Senior Staff,d008,Research
414814,Dayanand,Wielonsky,Staff,d009,Customer Service
414897,Juyoung,Willoner,Senior Staff,d007,Sales
415187,Juyoung,Peltason,Assistant Engineer,d004,Production
415338,Shigeo,Emmart,Assistant Engineer,d004,Production
415363,Conal,Shackell,Senior Staff,d007,Sales
415563,Mrinalini,Bierbaum,Engineer,d005,Development
416074,Alain,Lieberherr,Engineer,d005,Development
416383,Nectarios,Itschner,Engineer,d005,Development
416420,Adamantios,Heemskerk,Senior Staff,d007,Sales
416492,Kannan,Meriste,Senior Engineer,d005,Development
416660,Nathalie,Luke,Assistant Engineer,d005,Development
416720,Tokuyasu,Xiaoshan,Engineer,d004,Production
416877,Gio,Orsini,Staff,d001,Marketing
416892,Shooichi,Vandervoorde,Engineer,d004,Production
417435,Bouchung,Zaumen,Senior Staff,d007,Sales
418239,Josyula,Motley,Senior Engineer,d005,Development
418247,Oscar,Oppitz,Senior Staff,d001,Marketing
418298,Arvin,Pusterhofer,Engineer,d004,Production
418309,Danel,Petereit,Engineer,d004,Production
418380,Kazuhiko,Gornas,Senior Engineer,d004,Production
418566,Kazuhide,Snedden,Senior Engineer,d004,Production
418606,Michaela,Otillio,Engineer,d004,Production
418717,Arunachalam,Magliocco,Senior Staff,d007,Sales
418860,Ymte,Dalton,Senior Staff,d001,Marketing
419099,Heon,Broomell,Staff,d007,Sales
419953,Ung,Orlowski,Staff,d001,Marketing
420086,Susuma,Kitsuregawa,Engineer,d005,Development
420476,Mariangiola,Bolsens,Senior Staff,d009,Customer Service
420557,Mabhin,Eastman,Senior Staff,d007,Sales
420694,Frazer,Barbanera,Senior Staff,d008,Research
420732,Willard,Morrin,Staff,d001,Marketing
420759,Raimond,Solovay,Staff,d007,Sales
420765,Shawna,Krider,Senior Staff,d007,Sales
420877,Khosrow,Erez,Senior Staff,d002,Finance
421022,Shigeaki,Butner,Senior Staff,d007,Sales
421033,Garnik,Randt,Staff,d007,Sales
421074,Zhaofang,Falster,Senior Staff,d007,Sales
421312,Mariangiola,Bashian,Engineer,d005,Development
421384,Renny,Bednarek,Senior Staff,d003,Human Resources
421755,Shichao,Thiria,Senior Engineer,d004,Production
422146,Kenton,Miara,Engineer,d005,Development
422783,Jagoda,Uhrig,Engineer,d004,Production
423038,Takushi,Strehl,Senior Staff,d007,Sales
423204,Uma,Stranks,Senior Staff,d007,Sales
423208,Joydip,Krone,Engineer,d005,Development
423214,Tsutomu,Tetzlaff,Staff,d002,Finance
423327,Constantijn,Lichtman,Staff,d007,Sales
423350,Heping,Monarch,Staff,d007,Sales
423633,Mariusz,Tokunaga,Senior Engineer,d005,Development
423993,Seshu,Kolvik,Technique Leader,d005,Development
424569,Danco,Luff,Engineer,d005,Development
424584,Kagan,Dredge,Senior Engineer,d005,Development
424685,Changho,Veevers,Senior Staff,d002,Finance
424797,Theron,Itschner,Senior Staff,d007,Sales
424805,Jacqueline,Zallocco,Staff,d007,Sales
424930,Xuejun,Reeker,Staff,d003,Human Resources
424984,Vasilis,Waleschkowski,Engineer,d005,Development
425437,Moni,Staudhammer,Engineer,d005,Development
425535,Alagu,Vieri,Senior Staff,d001,Marketing
425540,Paddy,Zumaque,Senior Staff,d002,Finance
425757,Yongdong,Jiang,Senior Staff,d009,Customer Service
425780,Paris,Range,Staff,d007,Sales
425830,Guther,Conia,Engineer,d005,Development
425875,Jahangir,Kroft,Senior Staff,d007,Sales
426153,Shahaf,Luce,Senior Staff,d007,Sales
426168,Kaijung,Mateescu,Staff,d002,Finance
426228,Supot,Badache,Engineer,d005,Development
426235,Danco,Rajala,Senior Staff,d003,Human Resources
426644,Zejun,Broomell,Engineer,d004,Production
426706,Karsten,Kawashima,Senior Engineer,d004,Production
426795,Huican,Lunn,Staff,d009,Customer Service
426818,Gaurav,Fendler,Senior Staff,d009,Customer Service
426819,Sandeepan,Kulisch,Engineer,d004,Production
426824,Gopalakrishnan,Mawatari,Senior Staff,d007,Sales
426958,Weijing,Viele,Engineer,d004,Production
427313,Utpal,Kemmerer,Senior Staff,d008,Research
427320,Mamdouh,Ramamoorthy,Senior Engineer,d005,Development
427332,Feiyu,Hemaspaandra,Staff,d009,Customer Service
427571,Torsten,Ranta,Senior Engineer,d008,Research
427776,Jaques,Navazio,Staff,d002,Finance
427805,Haldun,Compeau,Senior Staff,d002,Finance
427823,Jaques,Gecsei,Staff,d009,Customer Service
427852,Adil,Kieras,Senior Engineer,d004,Production
428082,Ronghao,Alpin,Senior Staff,d003,Human Resources
428160,Jamaludin,Kalorkoti,Staff,d001,Marketing
428195,Hatsukazu,Rosca,Senior Staff,d002,Finance
428219,Ghassan,Androutsos,Senior Staff,d007,Sales
428917,Theron,Billawala,Assistant Engineer,d005,Development
429087,Hugh,Senzako,Technique Leader,d006,Quality Management
429231,Kazuyasu,Schmiedel,Staff,d007,Sales
429238,Mona,Luck,Senior Staff,d007,Sales
429249,Alassane,Wolniewicz,Senior Engineer,d005,Development
429316,Seshu,Hiraishi,Senior Staff,d002,Finance
429381,Limsoon,Roohalamini,Senior Staff,d007,Sales
429481,Subhada,Emmerich,Engineer,d005,Development
429520,Yongqiao,Francisci,Engineer,d006,Quality Management
429532,Bartek,Vendrig,Staff,d009,Customer Service
429569,Fumiya,Chappelet,Assistant Engineer,d005,Development
429703,Ung,Honglei,Senior Staff,d003,Human Resources
429899,Ranan,Marsiglia,Staff,d001,Marketing
429954,Renny,Gladwell,Staff,d007,Sales
430054,Erzsebet,Setiz,Senior Engineer,d005,Development
430558,Xiong,Roisin,Engineer,d006,Quality Management
430593,Janalee,Lanzelotte,Senior Staff,d009,Customer Service
430631,Kersti,Marsiglia,Engineer,d005,Development
430891,Khalil,Gien,Senior Engineer,d004,Production
431576,Masamitsu,Back,Staff,d002,Finance
431657,Visit,Thiran,Engineer,d005,Development
431882,Hideo,Varman,Engineer,d005,Development
431887,Poorav,Ranst,Senior Engineer,d005,Development
432031,Adamantios,Matzat,Senior Staff,d007,Sales
432034,Arfst,Uehara,Senior Staff,d003,Human Resources
432121,Alair,Straney,Senior Staff,d009,Customer Service
432257,Kwangjo,Hiltgen,Engineer,d004,Production
432261,Arve,Bergere,Engineer,d005,Development
432399,Nitsan,Nollmann,Engineer,d004,Production
432523,Takahiro,Maquelin,Engineer,d005,Development
432665,Flemming,Driscoll,Senior Engineer,d006,Quality Management
432787,Toshiko,Ibel,Senior Engineer,d005,Development
432956,Qunsheng,Birrer,Senior Staff,d001,Marketing
433059,Bojan,Montresor,Staff,d007,Sales
433157,Tomofumi,Serna,Staff,d007,Sales
433260,Make,Olivero,Assistant Engineer,d006,Quality Management
433438,Keiichiro,Miyakawa,Senior Staff,d008,Research
434845,Takushi,Skogmar,Senior Staff,d007,Sales
434936,Sahrah,Rosis,Engineer,d005,Development
435042,Brigham,Borstler,Staff,d007,Sales
435060,Moie,Lieblein,Staff,d007,Sales
435181,Kazuhide,Fiutem,Staff,d001,Marketing
435289,Feixiong,Schurmann,Staff,d001,Marketing
435305,Berthier,Pramanik,Senior Staff,d007,Sales
435370,Conal,Basart,Senior Staff,d007,Sales
435588,Genta,Pepe,Senior Staff,d003,Human Resources
435602,Dietrich,Kranzdorf,Staff,d007,Sales
435774,Olivera,Bharadwaj,Senior Staff,d007,Sales
435791,Hercules,Speer,Engineer,d006,Quality Management
436558,Subir,Greibach,Senior Engineer,d005,Development
436797,Ohad,Henders,Senior Staff,d002,Finance
436827,Wojceich,Limongiello,Senior Staff,d003,Human Resources
436915,Feixiong,Haraldson,Staff,d008,Research
437276,Dines,DeMori,Senior Staff,d002,Finance
437369,Kazuhide,Biran,Senior Staff,d007,Sales
437395,Sumant,Thambidurai,Senior Staff,d001,Marketing
437724,Erez,Luft,Staff,d003,Human Resources
437870,Kerhong,Lorho,Staff,d009,Customer Service
438038,Lena,Giaccio,Senior Staff,d001,Marketing
438264,Rasikan,Barreiro,Staff,d009,Customer Service
438557,Lidong,Swist,Engineer,d005,Development
439377,Mari,Plessier,Senior Engineer,d005,Development
439905,Kousuke,Levasseur,Staff,d009,Customer Service
439924,Gunilla,Kisuki,Senior Staff,d002,Finance
440325,Douadi,Sullins,Senior Staff,d007,Sales
440435,Sandeepan,Rosti,Senior Engineer,d005,Development
440450,Tzvetan,Scharstein,Senior Staff,d003,Human Resources
440642,Snehasis,Kalsbeek,Senior Staff,d007,Sales
440870,Filipp,Hasham,Senior Staff,d001,Marketing
440937,Fabrizio,Usery,Senior Staff,d008,Research
441197,Miquel,Legleitner,Senior Staff,d007,Sales
441536,Chinho,Collette,Senior Engineer,d004,Production
441954,Leszek,Marchegay,Engineer,d004,Production
441965,Claudi,Heijenga,Staff,d008,Research
442002,Ravishankar,Baig,Senior Staff,d007,Sales
442096,Martijn,DiGiano,Senior Engineer,d004,Production
442312,Zengping,Cusworth,Senior Engineer,d004,Production
442490,Navid,Luke,Engineer,d004,Production
442653,Mona,Hebden,Engineer,d005,Development
442700,Siddarth,Masada,Staff,d008,Research
442898,Aksel,Gire,Engineer,d004,Production
443108,Christfried,Atrawala,Senior Staff,d003,Human Resources
443485,Marke,Klerer,Senior Staff,d008,Research
443841,Shaw,Kading,Staff,d007,Sales
443873,Vatsa,Ramsay,Senior Staff,d001,Marketing
444070,Heping,Skrikant,Senior Staff,d009,Customer Service
444099,Kousuke,Worfolk,Senior Staff,d007,Sales
444208,Irena,Cesareni,Senior Staff,d007,Sales
444465,Prasadram,Bultermann,Senior Engineer,d005,Development
444487,Udi,Rullman,Senior Engineer,d005,Development
444643,Berna,Schonegge,Staff,d008,Research
445067,Eldridge,Kawashima,Senior Engineer,d006,Quality Management
445152,Heping,Peac,Staff,d008,Research
445226,Oscar,Baumann,Engineer,d004,Production
445570,Van,Nations,Technique Leader,d005,Development
445723,Gaurav,Roison,Senior Staff,d004,Production
445941,Masako,Dechter,Technique Leader,d004,Production
445950,Ebru,Valtorta,Engineer,d006,Quality Management
446121,Fay,Cochrane,Staff,d007,Sales
446306,Hercules,Kabayashi,Senior Engineer,d004,Production
446424,DAIDA,Nooteboom,Engineer,d005,Development
446897,Takahiro,Dalton,Technique Leader,d004,Production
446959,Aram,Passino,Senior Engineer,d005,Development
447018,Dannz,Miara,Engineer,d004,Production
447135,Gennady,Rouquie,Senior Staff,d003,Human Resources
447232,Aleksander,Schaaf,Staff,d009,Customer Service
447376,Kirk,Zongker,Staff,d008,Research
447544,Stabislas,Kakkad,Senior Staff,d007,Sales
447613,Paris,Restivo,Senior Engineer,d005,Development
447877,Make,Heuser,Engineer,d006,Quality Management
447931,Martijn,Jeong,Senior Staff,d007,Sales
447966,Kamakshi,Hebert,Engineer,d004,Production
447982,Shiv,Baezner,Engineer,d004,Production
447999,Shiv,Vilarrasa,Senior Engineer,d005,Development
448769,Mong,Dichev,Technique Leader,d004,Production
448900,Mart,Talmor,Staff,d007,Sales
448918,Chiradeep,Arlazarov,Engineer,d004,Production
448994,Haldun,Syang,Staff,d002,Finance
449189,Jahangir,Bernatsky,Senior Staff,d007,Sales
449815,Fumitaka,Quittner,Staff,d008,Research
449984,Hinrich,Perin,Engineer,d005,Development
450184,Selwyn,Henseler,Senior Engineer,d005,Development
450255,Udo,Waymire,Technique Leader,d005,Development
450309,Gill,Orlowska,Technique Leader,d006,Quality Management
450475,Saeed,Bahl,Senior Staff,d002,Finance
450817,DAIDA,Frolund,Engineer,d006,Quality Management
450888,Sedat,Rande,Senior Staff,d007,Sales
450934,Chanjung,Raoux,Engineer,d004,Production
450936,Yuriy,Ponthieu,Staff,d002,Finance
451253,Jaihie,Ozeri,Senior Staff,d007,Sales
451272,Jacopo,Krohm,Engineer,d005,Development
451275,Bedrich,Isard,Senior Staff,d008,Research
451333,Radhika,Bonifati,Senior Staff,d003,Human Resources
452137,Subir,Miake,Senior Engineer,d009,Customer Service
452206,Arra,Esposito,Staff,d007,Sales
452325,Taiji,Berstel,Senior Engineer,d005,Development
452347,Shigeichiro,Brattka,Senior Staff,d007,Sales
452365,Fei,Gadepally,Engineer,d005,Development
452956,Gou,Thombley,Senior Engineer,d004,Production
452957,Alair,Nanard,Staff,d007,Sales
452982,Lobel,Aloia,Senior Staff,d001,Marketing
453070,Aran,Rosenbaum,Staff,d003,Human Resources
453154,Gao,Lally,Staff,d009,Customer Service
453644,Berni,Takkinen,Senior Staff,d001,Marketing
453688,Chinya,Leslie,Engineer,d006,Quality Management
453723,Arne,Kohling,Engineer,d004,Production
453760,Ewing,Rajala,Senior Staff,d009,Customer Service
453790,Fai,Keirsey,Engineer,d005,Development
453913,Stein,Perng,Staff,d001,Marketing
454338,Mohammed,Georg,Engineer,d006,Quality Management
454378,Gina,Ossenbruggen,Technique Leader,d004,Production
454736,Nechama,Ermel,Engineer,d005,Development
454791,Xiaoqiu,Pietracaprina,Senior Engineer,d004,Production
454825,Kamakshi,Schusler,Senior Engineer,d004,Production
454994,Mohan,Picht,Engineer,d004,Production
455175,Soenke,Zaumen,Senior Staff,d001,Marketing
455284,Luisa,Baig,Senior Engineer,d006,Quality Management
455726,Qiwen,Kriebel,Senior Staff,d007,Sales
455814,Giao,DuCasse,Senior Engineer,d004,Production
455914,Peer,Angelopoulos,Engineer,d005,Development
456767,Tetsurou,Schreiter,Senior Staff,d007,Sales
456982,Shounak,Dratva,Engineer,d005,Development
457070,Gay,Plavsic,Senior Staff,d003,Human Resources
457146,Jinpo,Heyers,Staff,d008,Research
457305,Sorina,Lakshmanan,Staff,d007,Sales
457337,Xumin,Beidas,Technique Leader,d006,Quality Management
457411,Xudong,Peck,Senior Engineer,d005,Development
457489,Berna,Ranst,Engineer,d004,Production
457611,Indrajit,Krogh,Engineer,d005,Development
457776,Florian,Siepmann,Engineer,d004,Production
457813,Foong,Gargeya,Engineer,d004,Production
457832,Jackson,Zielinski,Senior Engineer,d005,Development
457938,Arch,Picco,Senior Staff,d009,Customer Service
458111,Florian,Tramer,Engineer,d004,Production
458134,Thanasis,Standera,Senior Staff,d003,Human Resources
458191,George,Atchley,Staff,d008,Research
458383,Mabhin,Foote,Engineer,d005,Development
458726,Shahaf,Kitai,Senior Staff,d009,Customer Service
458790,Ramya,Azadmanesh,Engineer,d004,Production
459172,Val,Rissanen,Engineer,d005,Development
459356,Pramod,Wendorf,Engineer,d005,Development
459429,Mohit,Verhaegen,Staff,d007,Sales
459685,Hirochika,Goldhammer,Engineer,d006,Quality Management
460131,Adly,Hambrick,Staff,d007,Sales
460691,Munehiko,Gihr,Senior Staff,d003,Human Resources
460707,Yoshinari,Lanteri,Engineer,d005,Development
460920,Remzi,Mitzlaff,Senior Staff,d007,Sales
461120,Shietung,Gelosh,Engineer,d005,Development
461270,Mrinalini,Mawatari,Staff,d007,Sales
461801,Sumali,Cooman,Senior Staff,d009,Customer Service
462493,Paloma,Gerlach,Engineer,d006,Quality Management
462795,Somnath,Cummings,Senior Staff,d008,Research
463023,Itzchak,Penn,Staff,d001,Marketing
463099,Jinxi,Schmiedel,Senior Staff,d002,Finance
463212,Ramya,Rossi,Senior Engineer,d004,Production
463472,Jaber,Sethi,Technique Leader,d004,Production
463495,Alenka,Barriga,Senior Staff,d003,Human Resources
464284,Huiqun,Henders,Senior Staff,d007,Sales
464303,Abdelghani,Nyrup,Senior Staff,d009,Customer Service
465062,Stafford,Gist,Engineer,d004,Production
465076,Tokuyasu,Ghelli,Engineer,d004,Production
465085,Vidar,Gunderson,Senior Staff,d009,Customer Service
465409,Shahid,Varman,Senior Staff,d001,Marketing
465501,Mrinalini,Gire,Senior Staff,d003,Human Resources
465711,Lakshmi,Frijda,Senior Engineer,d005,Development
465853,Kwan,Kampfer,Staff,d003,Human Resources
465874,Herb,Picht,Engineer,d004,Production
466064,Temple,Danlos,Senior Staff,d007,Sales
466367,Hiroyasu,Strandh,Senior Staff,d009,Customer Service
466509,Bezalel,Verhoeff,Senior Engineer,d005,Development
466603,Yechezkel,Nourani,Staff,d001,Marketing
466745,Boalin,Birsak,Senior Staff,d003,Human Resources
467176,Przemyslawa,Borovoy,Staff,d003,Human Resources
467269,Nahum,Lambe,Technique Leader,d005,Development
467392,Mariusz,Rikino,Engineer,d004,Production
467441,Margareta,Bondorf,Engineer,d004,Production
467591,Kiyotoshi,Hennebert,Staff,d003,Human Resources
467886,Sivanarayana,Chandrasekhar,Senior Staff,d001,Marketing
467918,Tsuneo,Skrikant,Staff,d009,Customer Service
468360,Huei,Saoudi,Technique Leader,d005,Development
468417,Kamakshi,Huhdanpaa,Engineer,d004,Production
468659,Ranga,Lemarechal,Senior Engineer,d005,Development
468773,Baziley,Brookner,Engineer,d006,Quality Management
469104,Nadjib,Comellas,Senior Engineer,d006,Quality Management
469253,Baruch,Basawa,Engineer,d005,Development
469269,Weiyi,Codenie,Senior Engineer,d004,Production
469366,Aiman,Wilfing,Engineer,d006,Quality Management
469399,Hongzhu,Ruemmler,Engineer,d005,Development
469527,Halsur,Ibel,Staff,d008,Research
469529,Neven,Rikino,Senior Engineer,d006,Quality Management
469735,Arif,Stranks,Senior Engineer,d005,Development
469867,Hein,Jonsson,Senior Staff,d008,Research
470456,Reuven,Oehlmann,Senior Staff,d007,Sales
470472,Zhiguo,Staudhammer,Senior Engineer,d005,Development
471397,Nigel,Zirintsis,Engineer,d005,Development
471532,Feiyu,Decleir,Technique Leader,d005,Development
471552,Basem,Lortz,Staff,d002,Finance
471911,Arun,Zaccaria,Assistant Engineer,d006,Quality Management
471939,Kazuhiko,Marshall,Staff,d008,Research
472052,Godehard,Chinal,Assistant Engineer,d005,Development
472143,Yahiko,Sommen,Senior Staff,d007,Sales
472238,Jungsoon,Gubsky,Senior Engineer,d004,Production
472790,Zhenbing,Ibel,Senior Engineer,d005,Development
472950,Weidon,Fordan,Senior Engineer,d004,Production
473268,Hugo,Sgarro,Senior Staff,d007,Sales
473299,Khaled,Penn,Staff,d007,Sales
473490,Pantung,Reeker,Staff,d008,Research
473940,Avishai,Majewski,Engineer,d004,Production
474331,Sugwoo,Eugenio,Senior Staff,d002,Finance
474763,Mayuko,Clouatre,Engineer,d005,Development
474796,Zongyan,Shackel,Technique Leader,d009,Customer Service
475087,Genevieve,Snedden,Senior Engineer,d004,Production
475258,Fumiyo,Feinberg,Staff,d004,Production
475538,Christophe,Leaver,Staff,d003,Human Resources
475938,Shigeaki,Lanteri,Engineer,d005,Development
475965,Rimon,Pietracaprina,Senior Engineer,d005,Development
476055,Girolamo,Schlumberger,Staff,d008,Research
476122,Khun,Spieker,Engineer,d004,Production
476327,Reinhold,Binkley,Senior Engineer,d004,Production
476361,Doohun,Preusig,Technique Leader,d005,Development
477350,Terresa,Vigier,Staff,d007,Sales
477578,Marit,Paludetto,Engineer,d005,Development
477969,Bluma,Mundy,Engineer,d005,Development
478007,Fumino,Narahara,Engineer,d004,Production
478170,Doowon,Schoegge,Engineer,d006,Quality Management
478218,Djenana,Erol,Engineer,d005,Development
478439,Yuichiro,Bale,Technique Leader,d005,Development
478768,Arun,Katzenelson,Engineer,d004,Production
478799,Shaw,Borovoy,Senior Staff,d001,Marketing
478833,Pradeep,Valiente,Engineer,d004,Production
478858,Hidekazu,Perna,Staff,d009,Customer Service
479024,Ewing,Kalorkoti,Engineer,d004,Production
479407,Randi,Tomescu,Assistant Engineer,d004,Production
479601,Kayoko,Bahi,Staff,d008,Research
479695,Masamitsu,Murrill,Staff,d003,Human Resources
480035,Sukumar,Georg,Staff,d005,Development
480066,Suebskul,Menhardt,Senior Engineer,d006,Quality Management
480178,Uinam,Rahier,Staff,d008,Research
480268,Gaurav,Cheshire,Technique Leader,d005,Development
480407,Deniz,Bennis,Senior Engineer,d005,Development
481050,Weiru,Burnard,Senior Staff,d003,Human Resources
481213,Shigehiro,Haldar,Senior Staff,d007,Sales
481397,Luisa,Chelton,Assistant Engineer,d004,Production
481764,Teiji,Marrakchi,Senior Engineer,d004,Production
481790,Haldun,Erie,Senior Engineer,d005,Development
482335,Kwangyoen,Peck,Engineer,d005,Development
482354,Jayson,Zockler,Staff,d008,Research
482755,Jouni,Conia,Senior Staff,d001,Marketing
482885,Shaunak,Brizzi,Assistant Engineer,d004,Production
482905,Aral,Hebden,Senior Staff,d002,Finance
482944,Duke,Journel,Senior Staff,d007,Sales
483401,Rosita,Pokrovskii,Senior Staff,d007,Sales
483675,Hausi,Kamber,Senior Engineer,d004,Production
483825,Marek,Mitchem,Senior Engineer,d004,Production
483838,Sham,Kavanagh,Assistant Engineer,d004,Production
483978,Dung,Tanemo,Senior Staff,d007,Sales
484126,Manton,Lueh,Senior Staff,d003,Human Resources
484142,Perry,Cooman,Senior Staff,d003,Human Resources
484498,Herbert,Hammerschmidt,Senior Engineer,d004,Production
484756,Phule,Ruemmler,Senior Engineer,d005,Development
485253,Gladys,Parhami,Senior Staff,d009,Customer Service
485489,Keiichiro,Armand,Assistant Engineer,d005,Development
485577,Rafael,Menhoudj,Senior Engineer,d005,Development
485579,Munehiro,Iwayama,Senior Engineer,d005,Development
485799,Yoshimitsu,Litvinov,Senior Staff,d008,Research
485817,Mahmut,Bolotov,Engineer,d004,Production
486068,Yefim,Bernardeschi,Senior Staff,d003,Human Resources
486808,Geoffrey,Siochi,Senior Engineer,d006,Quality Management
486918,Yagil,Remmers,Senior Staff,d007,Sales
486956,Matt,Ruemmler,Engineer,d004,Production
486958,Tonny,Kropf,Senior Engineer,d005,Development
487008,Zhigen,Raney,Senior Staff,d007,Sales
487505,Uno,Jayawardene,Senior Staff,d008,Research
487988,Ekawit,Schaft,Senior Staff,d003,Human Resources
488095,Francoise,Hegner,Senior Staff,d009,Customer Service
488142,Denis,Narlikar,Senior Staff,d007,Sales
488482,Kensyu,Tsunoo,Engineer,d005,Development
488540,Breannda,Maquelin,Senior Staff,d002,Finance
488619,Georgy,Bennis,Engineer,d004,Production
488693,Jiong,Zultner,Senior Engineer,d005,Development
488707,Mihalis,Remmers,Staff,d007,Sales
488752,Nimmagadda,Baja,Senior Staff,d001,Marketing
488788,Wuxu,Garigliano,Staff,d009,Customer Service
488984,Kendra,Junet,Senior Staff,d002,Finance
489755,Matk,Chorvat,Senior Staff,d002,Finance
489756,Kersti,Miculan,Senior Staff,d002,Finance
489928,Satoru,Janetzko,Assistant Engineer,d005,Development
490551,Lalit,Lindqvist,Engineer,d005,Development
490557,Luise,Vigier,Engineer,d004,Production
490568,Zita,Reistad,Senior Engineer,d005,Development
490720,Younwoo,Samarati,Senior Engineer,d006,Quality Management
491079,Kwangsub,Keirsey,Senior Engineer,d005,Development
491162,Panayotis,Hempstead,Senior Engineer,d005,Development
491478,Gill,Varman,Senior Staff,d007,Sales
491596,Charmane,Pargas,Senior Engineer,d006,Quality Management
491632,Gadiel,Perly,Staff,d009,Customer Service
492000,Valeska,Cools,Staff,d003,Human Resources
492052,Udo,Ratnakar,Staff,d009,Customer Service
492217,Heekeun,Verhaegen,Senior Engineer,d005,Development
492639,Sanjoy,Porenta,Engineer,d005,Development
492677,Goetz,McAffer,Engineer,d004,Production
493031,Hironoby,Jakobus,Staff,d009,Customer Service
493048,Muzhong,Berztiss,Staff,d007,Sales
493096,Sachem,Msuda,Engineer,d005,Development
493744,Leni,Kropatsch,Senior Engineer,d004,Production
494019,Morrie,Iisaku,Senior Staff,d001,Marketing
494088,Phule,Dahlbom,Engineer,d004,Production
494493,Masasuke,Koprowski,Staff,d001,Marketing
494995,Yongmao,Pouyioutas,Senior Staff,d007,Sales
496100,Pranjal,Reinhard,Staff,d009,Customer Service
496970,Giordano,Maquelin,Senior Engineer,d004,Production
496978,Danco,Debuse,Senior Staff,d001,Marketing
497007,Oldrich,Adachi,Senior Engineer,d004,Production
497174,Sanjiv,Bressoud,Senior Engineer,d005,Development
497340,Fayez,Keohane,Senior Staff,d001,Marketing
497391,Paris,Lieblein,Engineer,d006,Quality Management
497835,Shuho,Laurillard,Technique Leader,d004,Production
498185,Caolyn,Marciano,Senior Engineer,d005,Development
498337,Naraig,Docker,Staff,d007,Sales
498456,Geraldo,Gerteisen,Staff,d009,Customer Service
498635,Florian,Pezzoli,Staff,d007,Sales
498838,Sanjay,Ciolek,Senior Staff,d008,Research
498845,Arumugam,Pelc,Senior Engineer,d005,Development
498955,Nechama,Kandlur,Engineer,d004,Production
499194,Padma,Delgrange,Senior Staff,d001,Marketing
499260,Danae,Honglei,Engineer,d004,Production
499495,Baoqiu,Kakkar,Engineer,d005,Development
